David Ritchie,24 QueensCliffe Rd,Doubleview,Test School,Bob Smith
David Ritchie,24 Queenscliffe Rd,Doubleview,Test School,Bob Smith
David Ritchie,24 Queenscliffe Rd,Doubleview,Test School,Bob Smith
David Ritchie,24 Queenscliffe Rd Doubleview,Doubleview,Test School,Bob Smith
David Ritchie,24 Queenscliffe Rd,Doubleview,Test Schoolsdfs ,Bob Smith
David Ritchie sdf,24 Queenscliffe Rd,Doubleview,Test School,Bob Smith
David Ritchie,24 Queenscliffe Rd,Doubleview,Test school,Bob Smith
David Ritchie 1,24 Queenscliffe Rd,Doubleview,Test School,Bob Smith
David Ritchie 2,24 Queenscliffe Rd,Doubleview,Test School,Bob Smith
David Ritchie,24 Queenscliffe Rd,Doubleview,Test School,Bob Smith
David,24 Queenscliffe Rd,Doubleviewsdsd,Test School,Bob Smith
David Ritchie,24 Queenscliffe Rd,Doubleview,Test School,Bob Smith
David Ritchie,24 Queenscliffe Rd,Doubleview,Test School,Bob Smith
David Ritchie,24 Queenscliffe Rd,Doubleview,Test School,Bob Smitasda 
Sunil,24 Queenscliffel Rd,Doubleview,Test school,Bob Smith
David Ritchie,24 Queenscliffe Rd,Doubleview,Test School,Bob Smith
wqeqe,24 Queenscliffe Rd,Doubleview,Test school,Bob Smith
David asdasd,24 Queenscliffe Rd,Doubleview,Test School,Bob Smith
David Ritchie asd,24 Queenscliffe Rd,Doubleview,test school,Bob Smith
